{
  "test_accuracy": 0.9561403393745422,
  "test_loss": 0.1050110012292862,
  "auc": 0.9954143465443825,
  "average_precision": 0.9924466227604206,
  "optimal_threshold": 0.3292388916015625,
  "k_fold_mean_acc": 0.9802197813987732,
  "k_fold_std_acc": 0.016150480857904694
}