{
  "test_accuracy": 0.9649122807017544,
  "test_loss": 0.10500812530517578,
  "auc": 0.9953703703703705,
  "average_precision": 0.993370260913792,
  "k_fold_mean_acc": 0.9736263751983643,
  "k_fold_std_acc": 0.011206635625642941
}