{
  "test_accuracy": 0.9561403393745422,
  "test_loss": 0.1050110012292862,
  "auc": 0.9953703703703705,
  "average_precision": 0.993370260913792,
  "optimal_threshold": 0.3292388916015625,
  "k_fold_mean_acc": 0.9736263751983643,
  "k_fold_std_acc": 0.011206635625642941
}